{
  "braille": {
    "back_dot_count": 68,
    "back_layout_dot_centres_mm": [
      [
        11.4,
        55.2
      ],
      [
        15.4,
        60.0
      ],
      [
        15.4,
        55.2
      ],
      [
        17.8,
        60.0
      ],
      [
        17.8,
        57.6
      ],
      [
        17.8,
        55.2
      ],
      [
        21.8,
        60.0
      ],
      [
        21.8,
        55.2
      ],
      [
        24.2,
        57.6
      ],
      [
        28.200000000000003,
        60.0
      ],
      [
        28.200000000000003,
        55.2
      ],
      [
        30.6,
        55.2
      ],
      [
        41.0,
        60.0
      ],
      [
        41.0,
        55.2
      ],
      [
        43.4,
        60.0
      ],
      [
        47.400000000000006,
        60.0
      ],
      [
        53.800000000000004,
        60.0
      ],
      [
        53.800000000000004,
        55.2
      ],
      [
        60.2,
        60.0
      ],
      [
        62.6,
        57.6
      ],
      [
        9.0,
        49.9
      ],
      [
        11.4,
        47.5
      ],
      [
        15.4,
        49.9
      ],
      [
        15.4,
        47.5
      ],
      [
        15.4,
        45.1
      ],
      [
        17.8,
        45.1
      ],
      [
        21.8,
        49.9
      ],
      [
        24.2,
        47.5
      ],
      [
        28.200000000000003,
        49.9
      ],
      [
        28.200000000000003,
        47.5
      ],
      [
        28.200000000000003,
        45.1
      ],
      [
        30.6,
        47.5
      ],
      [
        34.6,
        49.9
      ],
      [
        34.6,
        45.1
      ],
      [
        37.0,
        49.9
      ],
      [
        37.0,
        47.5
      ],
      [
        37.0,
        45.1
      ],
      [
        47.400000000000006,
        49.9
      ],
      [
        49.800000000000004,
        49.9
      ],
      [
        49.800000000000004,
        47.5
      ],
      [
        53.800000000000004,
        49.9
      ],
      [
        60.2,
        49.9
      ],
      [
        60.2,
        45.1
      ],
      [
        62.6,
        49.9
      ],
      [
        62.6,
        47.5
      ],
      [
        62.6,
        45.1
      ],
      [
        9.0,
        39.8
      ],
      [
        9.0,
        37.4
      ],
      [
        15.4,
        39.8
      ],
      [
        15.4,
        37.4
      ],
      [
        15.4,
        35.0
      ],
      [
        17.8,
        37.4
      ],
      [
        21.8,
        37.4
      ],
      [
        24.2,
        39.8
      ],
      [
        28.200000000000003,
        39.8
      ],
      [
        28.200000000000003,
        37.4
      ],
      [
        30.6,
        39.8
      ],
      [
        30.6,
        37.4
      ],
      [
        34.6,
        39.8
      ],
      [
        34.6,
        37.4
      ],
      [
        37.0,
        37.4
      ],
      [
        41.0,
        37.4
      ],
      [
        41.0,
        35.0
      ],
      [
        43.4,
        39.8
      ],
      [
        43.4,
        37.4
      ],
      [
        47.400000000000006,
        37.4
      ],
      [
        49.800000000000004,
        37.4
      ],
      [
        49.800000000000004,
        35.0
      ]
    ],
    "cell_to_cell_spacing_mm": 6.4,
    "dot_base_diameter_mm": 1.55,
    "dot_height_mm": 0.75,
    "front_dot_centres_mm": [
      [
        11.4,
        20.2
      ],
      [
        15.4,
        22.6
      ],
      [
        17.8,
        25.0
      ],
      [
        17.8,
        22.6
      ],
      [
        17.8,
        20.2
      ],
      [
        21.8,
        22.6
      ],
      [
        24.2,
        25.0
      ],
      [
        28.200000000000003,
        22.6
      ],
      [
        28.200000000000003,
        20.2
      ],
      [
        30.6,
        25.0
      ],
      [
        30.6,
        22.6
      ],
      [
        34.6,
        25.0
      ],
      [
        34.6,
        22.6
      ],
      [
        37.0,
        22.6
      ],
      [
        9.0,
        14.9
      ],
      [
        9.0,
        12.5
      ],
      [
        9.0,
        10.100000000000001
      ],
      [
        15.4,
        14.9
      ],
      [
        15.4,
        10.100000000000001
      ],
      [
        17.8,
        12.5
      ],
      [
        21.8,
        14.9
      ],
      [
        21.8,
        12.5
      ],
      [
        21.8,
        10.100000000000001
      ],
      [
        24.2,
        10.100000000000001
      ],
      [
        28.200000000000003,
        14.9
      ],
      [
        30.6,
        12.5
      ]
    ],
    "front_dot_count": 26,
    "line_to_line_spacing_mm": 10.1,
    "shape": "spherical cap",
    "within_cell_spacing_mm": 2.4
  },
  "coordinate_system": "millimetres; front view is +Z; back geometry mirrors X for correct reading when viewed from -Z",
  "design_coordinate_bounds_mm": [
    0.0,
    0.0,
    -0.75,
    76.19999694824219,
    101.5999984741211,
    2.799999952316284
  ],
  "mesh_bounds_mm": [
    0.0,
    4.7683715642676816e-08,
    0.0,
    76.19999694824219,
    3.55,
    101.5999984741211
  ],
  "mesh_triangle_count": 70940,
  "mesh_vertex_count": 35472,
  "panel": {
    "height_mm": 101.6,
    "thickness_mm": 2.0,
    "width_mm": 76.2
  },
  "slicing_orientation": "production STL/3MF is pre-oriented upright on the long edge; +Z is card height",
  "tactile": {
    "art_bounds_mm": [
      21.04736842105263,
      55.94736842105264,
      55.15263157894736,
      86.63157894736842
    ],
    "edge_bevel_mm": 0.4,
    "minimum_feature_mm": 1.394736842105263,
    "mode": "source-derived tactile grid",
    "relief_height_mm": 0.8,
    "shape": "overlapping bevelled tactile cells",
    "source_grid": {
      "columns": 38,
      "isolated_cells_removed": 0,
      "raw_cell_count": 358,
      "retained_cell_count": 358
    }
  },
  "visual_text": {
    "back_lines": [
      "YOU MAKE",
      "EVERY DAY",
      "BRIGHT."
    ],
    "front_lines": [
      "WITH LOVE"
    ],
    "minimum_stroke_mm": 0.9,
    "relief_height_mm": 0.4,
    "style": "raised 5x7 pixel lettering"
  }
}
